Proveedor,Producto,Cantidad,Precio Unitario,Precio Total,Fecha Orden
Phillips LLC,There TV,99,316.45,31328.55,2025-02-04
Little Group,Save Auriculares,41,526.23,21575.43,2025-01-20
King Group,Create TV,91,334.59,30447.69,2025-01-23
"Avery, Miller and Wright",Church Teclado,17,563.46,9578.82,2025-04-19
"Branch, Torres and Oliver",Trade Cámara,18,653.78,11768.04,2025-01-20
Ortiz Ltd,Close Cámara,93,707.28,65777.04,2025-04-02
French-Weber,East Cable,28,713.51,19978.28,2025-02-08
Larson-Holloway,Structure Router,43,234.97,10103.71,2025-02-26
"Williams, Reynolds and Morris",Be Mouse,38,723.37,27488.06,2025-02-18
"Sampson, Key and Chambers",Parent TV,24,420.14,10083.36,2025-02-22
Costa-Harrison,Prove TV,86,169.99,14619.14,2025-03-21
"Johnson, Miller and King",Institution Auriculares,77,336.21,25888.17,2025-01-23
Dean-Jimenez,National Router,24,695.58,16693.92,2025-03-27
"Washington, Johnson and Mccoy",Left Teclado,47,626.45,29443.15,2025-02-16
Murray Inc,Thought Monitor,43,390.29,16782.47,2025-01-30
Lee-Greene,Check Teclado,90,430.76,38768.4,2025-01-27
Hoover-Campbell,Movement Router,57,430.75,24552.75,2025-02-27
Kane-Pollard,Worker TV,10,765.12,7651.2,2025-02-16
"Pollard, Simpson and Johnson",Record Mouse,56,416.45,23321.2,2025-04-08
Harrison LLC,Clear Router,20,93.44,1868.8,2025-03-07
Brennan-Johnson,Song Auriculares,78,414.49,32330.22,2025-01-14
"Padilla, Garcia and Jackson",Billion TV,31,544.81,16889.11,2025-02-28
Thomas-Schmidt,House Router,37,704.32,26059.84,2025-04-20
Durham-Thomas,Effect Teclado,61,567.4,34611.4,2025-03-31
Jones LLC,Office Laptop,41,724.71,29713.11,2025-02-28
"Howard, Phillips and Lyons",I Cámara,39,303.56,11838.84,2025-01-05
Parsons-Hall,Model Mouse,17,55.39,941.63,2025-03-10
Fuller Ltd,This Cámara,19,729.07,13852.33,2025-01-08
"Perry, Gonzalez and Buchanan",General Teclado,79,258.86,20449.94,2025-03-13
Brock-Mcdonald,Truth TV,70,751.64,52614.8,2025-01-15
"Diaz, Gibbs and Smith",Industry Cámara,22,655.62,14423.64,2025-04-15
"Bentley, Rodriguez and Hall",Test Monitor,16,367.68,5882.88,2025-01-05
Taylor Inc,Issue Auriculares,23,351.97,8095.31,2025-03-01
Matthews-Barber,Now Cámara,64,192.66,12330.24,2025-03-22
Robinson-Wallace,Road TV,19,396.97,7542.43,2025-02-15
Rush Group,Customer Cable,79,123.43,9750.97,2025-01-18
"Harris, Gallegos and Spencer",Car Smartphone,31,744.78,23088.18,2025-02-11
"King, Thompson and Guerrero",Case Monitor,17,411.02,6987.34,2025-01-06
Williams-Harmon,Contain TV,68,51.62,3510.16,2025-04-13
Gordon-Dougherty,Boy Router,81,572.44,46367.64,2025-01-09
"Bentley, Rodriguez and Hall",Test Monitor,16,367.68,5882.88,2025-03-28
"Sampson, Key and Chambers",Parent TV,24,420.14,10083.36,2025-01-15
Dean-Jimenez,National Router,24,695.58,16693.92,2025-01-16
"Pollard, Simpson and Johnson",Record Mouse,56,416.45,23321.2,2025-03-04
"Washington, Johnson and Mccoy",Left Teclado,47,626.45,29443.15,2025-01-29
"Avery, Miller and Wright",Church Teclado,17,563.46,9578.82,2025-01-13
"King, Thompson and Guerrero",Case Monitor,17,411.02,6987.34,2025-01-25
Robinson-Wallace,Road TV,19,396.97,7542.43,2025-02-23
"Avery, Miller and Wright",Church Teclado,17,563.46,9578.82,2025-04-17
Robinson-Wallace,Road TV,19,396.97,7542.43,2025-03-05
