Nombre,Categoría,Precio,Disponible,Descripción
Many Cable,Audio,890.22,1,Rock field thought improve.
Sense Router,Audio,1071.52,1,Mouth player same government month.
Power Monitor,Computación,924.83,1,Finally region mind rule yourself.
Design Teclado,Audio,785.21,1,Under story present mother test without side.
Production Cable,Video,534.09,1,Letter rise catch force former soldier.
Gas Mouse,Audio,412.86,1,Increase nothing toward imagine daughter seek.
Sound Laptop,Redes,145.13,1,Wife else measure.
Sport Cámara,Computación,917.95,1,Source inside born surface parent discover yet.
History Cable,Computación,1007.92,1,Data management student center.
Impact TV,Redes,302.38,1,Front vote yourself let college receive technology forward.
Partner Monitor,Telefonía,938.59,1,Better such above character.
Score Monitor,Accesorios,201.57,1,Go bank sort dream leave.
Everyone TV,Video,504.95,1,Model job will cut audience few career.
Recently Laptop,Audio,431.05,1,Month manager through six computer.
To Monitor,Video,707.16,1,Floor seek through animal too.
Resource Monitor,Audio,293.12,1,Help scientist week available director military war.
Develop Cámara,Telefonía,1167.0,1,Under water community maintain sometimes close beautiful pay.
Talk Router,Redes,423.92,1,No yes place other nice name fire but.
Air Mouse,Computación,540.0,1,Article play person people.
Particularly Auriculares,Video,1030.53,1,Popular leave list evening law.
Leg Mouse,Audio,329.13,1,Hundred term tell organization card.
Determine Cable,Video,215.16,1,Find culture conference lay.
Administration Laptop,Accesorios,738.86,1,Friend able development medical.
Reason TV,Video,501.49,1,Degree let market.
Sure Laptop,Video,1131.66,1,It action future.
We Cable,Audio,839.84,1,Program citizen page blue somebody.
Lawyer TV,Video,1113.96,1,Whatever card agent full.
Your Mouse,Computación,134.61,1,Manager guy letter its man.
General TV,Telefonía,1085.85,1,Also business guy PM.
Couple Cable,Computación,328.68,1,Relate approach itself ago treatment vote discuss.
Friend Cámara,Telefonía,283.04,1,Thank case now blue bill our recognize.
Leader Router,Audio,852.35,1,City discuss a buy help of knowledge.
Story Mouse,Video,609.53,1,Stop understand need share.
Way Monitor,Computación,1168.1,1,Option last born huge example.
More Cámara,Telefonía,403.57,1,Direction state source dinner small of expert.
Republican Router,Audio,703.58,1,Life must edge still decide.
Job Router,Redes,174.7,1,Care first read source care behavior detail.
Political Cámara,Audio,954.12,1,Father possible hope example contain.
Vote TV,Redes,1029.2,1,Southern whose our heart ask reveal card.
Land Laptop,Video,915.15,1,Food young what away official allow policy end.
